[
  {
    "isOrgNotSupported": false,
    "organization_id": "20111340673",
    "name": "Pippa Sandbox",
    "contact_name": "Morteza gholaminezhad",
    "email": "mortezagh@pippaoflondon.co.uk",
    "source": 2,
    "country": "United Kingdom",
    "country_code": "GB",
    "org_settings": true,
    "is_ziedition": false,
    "custom_field_type": 2,
    "custom_fields": [
      {
        "index": 1,
        "label": "",
        "value": ""
      },
      {
        "index": 2,
        "label": "",
        "value": ""
      },
      {
        "index": 3,
        "label": "",
        "value": ""
      },
      {
        "index": 4,
        "label": "",
        "value": ""
      },
      {
        "index": 5,
        "label": "",
        "value": ""
      }
    ],
    "is_sku_enabled": false,
    "phone": "",
    "org_type": "live",
    "state_code": "",
    "state": "",
    "zoho_one_org": "",
    "zi_zb_edition": 1,
    "org_created_app_source": 1,
    "zi_zb_client": 1,
    "is_solo_org": false,
    "partners_domain": "",
    "version": "uk",
    "version_formatted": "United Kingdom",
    "is_search360_enabled": "true",
    "is_sales_inclusive_tax_enabled": false,
    "sales_tax_type": "exclusive",
    "tax_group_enabled": true,
    "language_code": "en",
    "fiscal_year_start_month": 3,
    "time_zone": "Europe/London",
    "field_separator": "/",
    "time_zone_formatted": "(GMT 0:00) British Summer Time (Europe/London)",
    "can_change_timezone": true,
    "digital_signature_mode": "dsign_zohosign",
    "is_dsign_required": false,
    "can_sign_invoice": false,
    "is_user_dsign_mandatory": true,
    "currency_id": "891688000000000065",
    "currency_code": "GBP",
    "currency_symbol": "£",
    "currency_format": "###,##0.00",
    "price_precision": 2,
    "org_joined_app_list": [
      "books"
    ],
    "is_designated_zone": false,
    "is_free_zone": false,
    "brexit_date": "2021-01-01",
    "is_brexit_applicable": true,
    "is_registered_for_tax": false,
    "is_vat_registered": false,
    "is_ec_reporting_enabled": false,
    "is_moss_enabled": false,
    "is_tax_registered": false,
    "is_international_trade_enabled": false,
    "is_gst_india_version": false,
    "is_registered_for_gst": false,
    "isOrgActive": true,
    "plan_type": 0,
    "plan_name": "PREMIUM TRIAL",
    "plan_period": "",
    "account_created_date": "2025-12-23",
    "account_created_date_formatted": "23/12/2025",
    "is_org_active": true,
    "is_quick_setup_completed": true,
    "is_trial_period_extended": false,
    "is_trial_expired": false,
    "is_invoice_pmt_tds_allowed": false,
    "is_hsn_or_sac_enabled": false,
    "mode": "live",
    "other_active_services": [],
    "is_last_active_service": true,
    "can_show_document_tab": true,
    "is_scan_preference_enabled": false,
    "is_user_accountant": false,
    "is_user_last_admin": true,
    "is_user_super_admin": false,
    "user_status": 1,
    "user_status_formatted": "Active",
    "org_action": "goto",
    "AppList": [
      "books"
    ],
    "is_zpayroll_grid": false,
    "is_default_org": false,
    "is_subscription_paused": false
  },
  {
    "isOrgNotSupported": false,
    "organization_id": "20083712771",
    "name": "Pippa of London Iran",
    "contact_name": "accountingiran",
    "email": "accountingiran@pippaoflondon.co.uk",
    "source": 2,
    "country": "United Kingdom",
    "country_code": "GB",
    "org_settings": true,
    "is_ziedition": false,
    "custom_field_type": 2,
    "custom_fields": [
      {
        "index": 1,
        "label": "",
        "value": ""
      },
      {
        "index": 2,
        "label": "",
        "value": ""
      },
      {
        "index": 3,
        "label": "",
        "value": ""
      },
      {
        "index": 4,
        "label": "",
        "value": ""
      },
      {
        "index": 5,
        "label": "",
        "value": ""
      }
    ],
    "is_sku_enabled": true,
    "phone": "+44 141 816 0317",
    "org_type": "live",
    "state_code": "GLG",
    "state": "Glasgow City",
    "zoho_one_org": "",
    "zi_zb_edition": 1,
    "org_created_app_source": 1,
    "zi_zb_client": 1,
    "is_solo_org": false,
    "partners_domain": "",
    "version": "global",
    "version_formatted": "Global",
    "is_search360_enabled": "true",
    "is_sales_inclusive_tax_enabled": false,
    "sales_tax_type": "exclusive",
    "tax_group_enabled": true,
    "language_code": "en",
    "fiscal_year_start_month": 3,
    "time_zone": "Iran",
    "field_separator": "",
    "time_zone_formatted": "(GMT 3:30) Iran Standard Time (Iran)",
    "can_change_timezone": true,
    "digital_signature_mode": "dsign_zohosign",
    "is_dsign_required": false,
    "can_sign_invoice": false,
    "is_user_dsign_mandatory": true,
    "currency_id": "307354000000039082",
    "currency_code": "IRR",
    "currency_symbol": "IRR",
    "currency_format": "###,##0",
    "price_precision": 0,
    "org_joined_app_list": [
      "books",
      "expense",
      "inventory",
      "financeplus"
    ],
    "is_designated_zone": false,
    "is_free_zone": false,
    "brexit_date": "2021-01-01",
    "is_brexit_applicable": true,
    "is_registered_for_tax": false,
    "is_moss_enabled": false,
    "is_tax_registered": false,
    "is_international_trade_enabled": false,
    "is_gst_india_version": false,
    "is_registered_for_gst": false,
    "isOrgActive": true,
    "plan_type": 5032,
    "plan_name": "PREMIUM",
    "plan_period": "Monthly",
    "account_created_date": "2022-08-17",
    "account_created_date_formatted": "17 Aug 2022",
    "is_org_active": true,
    "is_quick_setup_completed": true,
    "is_trial_period_extended": false,
    "is_trial_expired": false,
    "is_invoice_pmt_tds_allowed": true,
    "is_hsn_or_sac_enabled": false,
    "mode": "live",
    "other_active_services": [
      {
        "name_formatted": "Zoho Expense",
        "name": "expense"
      },
      {
        "name_formatted": "Zoho Inventory",
        "name": "inventory"
      }
    ],
    "is_last_active_service": false,
    "is_po_enabled": true,
    "is_salesorder_enabled": true,
    "is_inventory_enabled": true,
    "is_trial_extended": false,
    "zi_migration_status": 0,
    "is_new_customer_custom_fields": true,
    "is_portal_enabled": true,
    "portal_name": "pippaoflondoniran",
    "is_retainerinvoice_enabled": false,
    "is_bill_of_supply_enabled": false,
    "can_show_document_tab": true,
    "is_scan_preference_enabled": true,
    "is_user_accountant": false,
    "is_user_last_admin": false,
    "is_user_super_admin": false,
    "user_status": 1,
    "user_status_formatted": "Active",
    "org_action": "goto",
    "AppList": [
      "books",
      "inventory"
    ],
    "is_zpayroll_grid": false,
    "is_default_org": true,
    "is_subscription_paused": false
  }
]