[
  {
    "user_id": "307354000000061795",
    "role_id": "307354000000000679",
    "name": "Antonio Deluca",
    "email": "antonio@pippaoflondon.co.uk",
    "mobile": "",
    "invitation_type": "email",
    "is_super_admin": false,
    "user_role": "admin",
    "status": "inactive",
    "is_current_user": false,
    "photo_url": "",
    "user_type": "zoho",
    "is_customer_segmented": false,
    "is_vendor_segmented": false,
    "is_employee": false,
    "allocated_warehouse_count": 8,
    "total_warehouse_count": 8,
    "source": ""
  },
  {
    "user_id": "307354000000057001",
    "role_id": "307354000108528018",
    "name": "Fereshteh Karami",
    "email": "fereshteh@pippaoflondon.co.uk",
    "mobile": "",
    "invitation_type": "email",
    "is_super_admin": false,
    "user_role": "Logistics Officer",
    "status": "active",
    "is_current_user": false,
    "photo_url": "https://contacts.zoho.eu/file?t=user&ID=20083757452&fs=thumb",
    "user_type": "zoho",
    "is_customer_segmented": false,
    "is_vendor_segmented": false,
    "is_employee": false,
    "allocated_warehouse_count": 8,
    "total_warehouse_count": 8,
    "source": ""
  },
  {
    "user_id": "307354000000039001",
    "role_id": "307354000000000679",
    "name": "Iain Bartholomew",
    "email": "iain@pippaoflondon.co.uk",
    "mobile": "",
    "invitation_type": "email",
    "is_super_admin": false,
    "user_role": "admin",
    "status": "active",
    "is_current_user": false,
    "photo_url": "https://contacts.zoho.eu/file?t=user&ID=20083668205&fs=thumb",
    "user_type": "zoho",
    "is_customer_segmented": false,
    "is_vendor_segmented": false,
    "is_employee": false,
    "allocated_warehouse_count": 7,
    "total_warehouse_count": 8,
    "source": ""
  },
  {
    "user_id": "307354000078155538",
    "role_id": "307354000107726001",
    "name": "Melika Azimi",
    "email": "melika@pippaoflondon.co.uk",
    "mobile": "",
    "invitation_type": "email",
    "is_super_admin": false,
    "user_role": "sales agent- assigned customers only.",
    "status": "active",
    "is_current_user": false,
    "photo_url": "https://contacts.zoho.eu/file?t=user&ID=20103239806&fs=thumb",
    "user_type": "zoho",
    "is_customer_segmented": true,
    "is_vendor_segmented": false,
    "is_employee": false,
    "allocated_warehouse_count": 2,
    "total_warehouse_count": 8,
    "source": ""
  },
  {
    "user_id": "307354000014760003",
    "role_id": "307354000000000679",
    "name": "Milad Rostami",
    "email": "milad@pippaoflondon.co.uk",
    "mobile": "",
    "invitation_type": "email",
    "is_super_admin": false,
    "user_role": "admin",
    "status": "inactive",
    "is_current_user": false,
    "photo_url": "https://contacts.zoho.eu/file?t=user&ID=20092437118&fs=thumb",
    "user_type": "zoho",
    "is_customer_segmented": false,
    "is_vendor_segmented": false,
    "is_employee": false,
    "allocated_warehouse_count": 3,
    "total_warehouse_count": 8,
    "source": ""
  },
  {
    "user_id": "307354000104248216",
    "role_id": "307354000000000679",
    "name": "Morteza Gholaminezhad",
    "email": "mortezagh@pippaoflondon.co.uk",
    "mobile": "",
    "invitation_type": "email",
    "is_super_admin": false,
    "user_role": "admin",
    "status": "active",
    "is_current_user": true,
    "photo_url": "https://contacts.zoho.eu/file?t=user&ID=20109841077&fs=thumb",
    "user_type": "zoho",
    "is_customer_segmented": false,
    "is_vendor_segmented": false,
    "is_employee": false,
    "allocated_warehouse_count": 8,
    "total_warehouse_count": 8,
    "source": ""
  },
  {
    "user_id": "307354000000262279",
    "role_id": "307354000000000679",
    "name": "noora@pippaoflondon.co.uk",
    "email": "noora@pippaoflondon.co.uk",
    "mobile": "",
    "invitation_type": "email",
    "is_super_admin": false,
    "user_role": "admin",
    "status": "active",
    "is_current_user": false,
    "photo_url": "https://contacts.zoho.eu/file?t=user&ID=20084409605&fs=thumb",
    "user_type": "zoho",
    "is_customer_segmented": false,
    "is_vendor_segmented": false,
    "is_employee": false,
    "allocated_warehouse_count": 7,
    "total_warehouse_count": 8,
    "source": ""
  },
  {
    "user_id": "307354000000061801",
    "role_id": "307354000000000679",
    "name": "Payam Basiri",
    "email": "payam@pippaoflondon.co.uk",
    "mobile": "",
    "invitation_type": "email",
    "is_super_admin": false,
    "user_role": "admin",
    "status": "active",
    "is_current_user": false,
    "photo_url": "https://contacts.zoho.eu/file?t=user&ID=20091903901&fs=thumb",
    "user_type": "zoho",
    "is_customer_segmented": false,
    "is_vendor_segmented": false,
    "is_employee": false,
    "allocated_warehouse_count": 5,
    "total_warehouse_count": 8,
    "source": ""
  },
  {
    "user_id": "307354000000262001",
    "role_id": "307354000000000679",
    "name": "pouya@pippaoflondon.co.uk",
    "email": "pouya@pippaoflondon.co.uk",
    "mobile": "",
    "invitation_type": "email",
    "is_super_admin": false,
    "user_role": "admin",
    "status": "active",
    "is_current_user": false,
    "photo_url": "https://contacts.zoho.eu/file?t=user&ID=20084396322&fs=thumb",
    "user_type": "zoho",
    "is_customer_segmented": false,
    "is_vendor_segmented": false,
    "is_employee": false,
    "allocated_warehouse_count": 8,
    "total_warehouse_count": 8,
    "source": ""
  },
  {
    "user_id": "307354000067358195",
    "role_id": "307354000060880003",
    "name": "Saeed Emami",
    "email": "saeed@pippaoflondon.co.uk",
    "mobile": "",
    "invitation_type": "email",
    "is_super_admin": false,
    "user_role": "Integration User (Zoho CRM)",
    "status": "active",
    "is_current_user": false,
    "photo_url": "https://contacts.zoho.eu/file?t=user&ID=20099282532&fs=thumb",
    "user_type": "zoho",
    "is_customer_segmented": false,
    "is_vendor_segmented": false,
    "is_employee": false,
    "allocated_warehouse_count": 1,
    "total_warehouse_count": 8,
    "source": ""
  },
  {
    "user_id": "307354000067358213",
    "role_id": "307354000107726001",
    "name": "Saeed Mirzaei",
    "email": "mirzaei@pippaoflondon.co.uk",
    "mobile": "",
    "invitation_type": "email",
    "is_super_admin": false,
    "user_role": "sales agent- assigned customers only.",
    "status": "active",
    "is_current_user": false,
    "photo_url": "https://contacts.zoho.eu/file?t=user&ID=20099284257&fs=thumb",
    "user_type": "zoho",
    "is_customer_segmented": true,
    "is_vendor_segmented": false,
    "is_employee": false,
    "allocated_warehouse_count": 1,
    "total_warehouse_count": 8,
    "source": ""
  },
  {
    "user_id": "307354000097701648",
    "role_id": "307354000000000679",
    "name": "Sahar Khajavi",
    "email": "sahark@pippaoflondon.co.uk",
    "mobile": "",
    "invitation_type": "email",
    "is_super_admin": false,
    "user_role": "admin",
    "status": "active",
    "is_current_user": false,
    "photo_url": "https://contacts.zoho.eu/file?t=user&ID=20108439387&fs=thumb",
    "user_type": "zoho",
    "is_customer_segmented": false,
    "is_vendor_segmented": false,
    "is_employee": false,
    "allocated_warehouse_count": 5,
    "total_warehouse_count": 8,
    "source": ""
  },
  {
    "user_id": "307354000076031077",
    "role_id": "307354000107726001",
    "name": "Sarvin",
    "email": "sarvin@pippaoflondon.co.uk",
    "mobile": "",
    "invitation_type": "email",
    "is_super_admin": false,
    "user_role": "sales agent- assigned customers only.",
    "status": "active",
    "is_current_user": false,
    "photo_url": "https://contacts.zoho.eu/file?t=user&ID=20102305052&fs=thumb",
    "user_type": "zoho",
    "is_customer_segmented": true,
    "is_vendor_segmented": false,
    "is_employee": false,
    "allocated_warehouse_count": 2,
    "total_warehouse_count": 8,
    "source": ""
  }
]